"Player","04/06","04/13","04/20","04/27","05/04","05/11","05/18","05/25","06/01","06/08","06/15","06/22","06/29","Total Points"
"Jeremiah Stene","20","20","385","214","147","137","20","266","332","119","130","186","362","2338"
"Maxwell Peterson","350","135","20","132","200","143","0","194","176","20","402","20","20","1812"
"Cedric Thompson","20","149","20","20","227","160","232","20","200","115","20","137","0","1320"
"Callie Nyreen","211","20","20","178","20","20","20","20","124","173","20","20","159","1005"
"Drew Ditlefsen","145","20","183","244","0","20","320","20","0","0","0","20","20","992"
"Lupe Pacheco","0","20","202","407","20","20","0","20","20","0","126","20","134","989"
"Jedidiah Thao","0","183","169","20","0","20","0","0","119","134","20","308","0","973"
"Anna Thao","0","20","149","20","0","282","110","0","138","149","20","20","20","928"
"Paul Gonzalez","20","169","20","0","116","119","115","130","20","141","20","0","20","890"
"Tye Bell","20","20","278","20","20","186","20","20","20","128","135","0","20","887"
"Tracy Taylor","20","142","135","20","20","20","20","116","20","191","20","107","20","851"
"Cory Parkos","168","20","0","20","379","20","170","0","20","20","20","0","0","837"
"Anna Kinkead","20","121","158","20","20","20","193","20","20","0","20","122","20","754"
"Zachary Nelson","253","20","20","20","20","20","133","20","20","159","20","20","20","745"
"Jordyn Falteysek","112","20","20","20","20","151","0","0","0","362","20","0","0","725"
"Chad Rasche","155","20","20","20","20","116","20","20","20","20","20","149","123","723"
"Melissa Smith","20","20","142","20","120","127","20","20","20","20","0","164","20","713"
"Ish Vences","119","20","20","127","20","20","154","113","20","20","20","20","20","693"
"Bart Bah","20","385","0","0","0","0","0","151","20","20","20","0","20","636"
"Edward Zamora","0","231","20","166","20","20","0","0","20","0","122","0","20","619"
"Katie Edwards","0","0","0","137","156","20","0","136","110","0","20","20","20","619"
"Darin Murphy","20","20","20","20","20","0","20","20","20","123","191","129","0","603"
"Mike Ross","0","0","0","0","0","132","0","0","0","262","0","0","191","585"
"Dana Falteysek","0","0","20","20","181","0","0","20","0","20","290","0","20","571"
"Heidi Johnson","0","0","0","20","20","0","126","120","241","0","20","20","0","567"
"Jennifer Starken","0","20","20","193","274","0","0","20","0","20","20","0","0","567"
"Jake Bergstreser","115","0","130","20","0","20","0","0","0","217","20","20","20","562"
"Chester Hollie","0","0","231","20","0","0","142","20","0","0","147","0","0","560"
"Tim Olsen","0","0","20","0","140","390","0","0","0","0","0","0","0","550"
"Cassie Thao","20","20","20","20","20","123","20","20","20","20","211","0","20","534"
"Jeff Stokke","20","125","20","149","20","20","120","20","0","20","20","0","0","534"
"Qadira Bradshaw","20","278","20","20","124","0","20","0","0","0","20","0","0","502"
"Carl Piggee","0","0","20","20","20","205","20","20","0","0","141","20","20","486"
"Rafael Fuentes","0","0","20","0","20","0","20","143","0","20","119","20","119","481"
"Timmy Lewis","0","20","0","20","134","171","0","20","20","20","20","20","20","465"
"Pat Hull","20","20","20","294","0","0","20","20","0","0","20","20","20","454"
"gina mafiag","20","20","0","124","20","20","20","0","20","20","164","0","0","428"
"Christopher Ruiz","20","20","0","0","0","0","20","367","0","0","0","0","0","427"
"jacob gudim","0","0","0","0","20","20","0","221","20","0","0","0","141","422"
"Nancy Herber","0","0","121","20","20","0","20","20","20","20","20","20","115","396"
"Harry Ponzo","0","130","0","20","167","20","0","20","0","0","0","0","0","357"
"Shawn Muses","0","20","20","0","0","0","20","20","20","0","0","224","20","344"
"Scott Artola","20","20","20","20","20","20","0","20","0","0","176","0","20","336"
"Willie Harris th3","20","20","20","20","20","20","20","20","130","20","20","0","0","330"
"Tom Ellerman","0","0","20","117","20","0","0","0","20","0","0","0","128","305"
"Jim Landvick","0","0","0","20","0","0","20","0","20","0","240","0","0","300"
"Allie Cat","0","158","0","0","20","20","20","20","20","0","20","0","20","298"
"Larry Labronski","0","0","20","0","0","234","0","0","0","0","20","0","20","294"
"Holt Bennington","20","202","0","20","20","0","0","0","0","0","0","0","0","262"
"Robert Carrillo","0","0","0","0","0","0","0","0","0","0","0","0","262","262"
"Ryan Marsh","124","20","117","0","0","0","0","0","0","0","0","0","0","261"
"Anthony Frisco","20","20","20","20","20","0","0","0","0","0","155","0","0","255"
"Justin Martner","0","0","20","20","128","20","0","0","0","20","20","0","20","248"
"Jesse Reiter","0","20","20","142","20","20","0","0","0","0","0","0","0","222"
"Maurice Hull","0","0","0","0","0","0","0","0","0","0","0","0","217","217"
"Darnell Yates","0","0","0","0","20","0","20","0","114","20","20","20","0","214"
"Tucker Nyhlen","0","0","125","20","20","20","0","0","0","20","0","0","0","205"
"David Oturu","0","0","20","0","0","0","0","162","0","20","0","0","0","202"
"Nate Braun","0","0","0","20","0","0","0","20","160","0","0","0","0","200"
"Raul Hi","20","0","0","0","0","0","0","0","0","0","0","0","173","193"
"Darlene Al-Barghouthy","185","0","0","0","0","0","0","0","0","0","0","0","0","185"
"Melonie Tuttle","0","0","0","157","0","20","0","0","0","0","0","0","0","177"
"Becca Brinkman","0","0","0","0","0","0","0","175","0","0","0","0","0","175"
"Jessie Tolzman","130","0","20","0","0","0","0","0","0","0","20","0","0","170"
"Emilee Burow","0","0","0","0","0","0","0","0","147","0","20","0","0","167"
"Av S","20","0","0","0","20","20","20","20","0","20","20","20","0","160"
"Kevin Hicks","0","0","0","120","0","0","20","0","0","0","20","0","0","160"
"Wael Abdel-Hakim","0","20","0","20","0","20","0","20","20","20","20","20","0","160"
"Luke Hunt","20","117","0","20","0","0","0","0","0","0","0","0","0","157"
"Boney Shaji","0","0","0","0","0","20","20","0","0","0","0","116","0","156"
"McKinley Neville","0","0","0","0","0","0","0","0","0","0","0","0","149","149"
"Jeremy Stokke","20","0","0","0","0","0","0","125","0","0","0","0","0","145"
"Wayne Jones","137","0","0","0","0","0","0","0","0","0","0","0","0","137"
"Justin Thompson","0","0","0","0","0","0","0","0","0","0","0","111","20","131"
"George Mutuma","0","0","0","0","20","20","0","0","20","0","20","20","0","100"
"Matthew Clawson","0","20","0","20","20","0","0","0","20","20","0","0","0","100"
"Alen Sherman","0","0","0","0","0","0","0","0","20","20","0","20","20","80"
"DJ Mack","0","0","0","0","0","20","20","0","0","20","20","0","0","80"
"Alyssa Morris","20","20","0","0","0","20","0","0","0","0","0","0","0","60"
"David Flugge","20","0","20","20","0","0","0","0","0","0","0","0","0","60"
"Jeff Sepulvado","20","20","0","0","20","0","0","0","0","0","0","0","0","60"
"Zach Booth","0","0","20","0","20","0","0","0","0","0","0","20","0","60"
"Amy Andrusko","0","0","0","0","0","0","0","0","0","20","20","0","0","40"
"Ben Chenal","0","0","0","0","0","0","0","0","20","0","0","20","0","40"
"Brittney Eby","0","0","0","0","0","0","20","20","0","0","0","0","0","40"
"Jason St Hilaire","0","20","0","0","0","0","0","0","0","20","0","0","0","40"
"Kory McNamara","0","20","20","0","0","0","0","0","0","0","0","0","0","40"
"Austin Carrillo","0","0","0","0","0","0","0","0","0","0","0","0","20","20"
"Brandon Brom","0","0","0","0","0","0","0","0","0","20","0","0","0","20"
"Brett Tennyson","0","0","0","0","0","0","20","0","0","0","0","0","0","20"
"Dante Ugalde","0","0","20","0","0","0","0","0","0","0","0","0","0","20"
"Don Peterson","0","0","0","0","0","0","0","0","0","20","0","0","0","20"
"Gary Hansen","0","0","0","0","0","0","0","0","0","0","0","20","0","20"
"Jake Dunn","0","0","0","0","0","20","0","0","0","0","0","0","0","20"
"Jake Gage","20","0","0","0","0","0","0","0","0","0","0","0","0","20"
"Jared Thompson","0","0","0","0","0","0","0","0","0","0","0","0","20","20"
"Jeff Bushway","0","0","0","0","0","20","0","0","0","0","0","0","0","20"
"Jeromy Sell","0","0","0","20","0","0","0","0","0","0","0","0","0","20"
"Jess Ruiz (MN)","0","0","0","0","0","0","0","0","0","20","0","0","0","20"
"John Sandberg","0","0","0","0","0","0","0","20","0","0","0","0","0","20"
"Kaylin Carrillo","0","0","0","0","0","0","0","0","0","0","0","0","20","20"
"Kevin Flanagan","0","0","0","0","0","20","0","0","0","0","0","0","0","20"
"Mark Erickson","0","0","20","0","0","0","0","0","0","0","0","0","0","20"
"Michael Flanagan","0","0","0","0","0","20","0","0","0","0","0","0","0","20"
"Mike Streeter","0","0","0","20","0","0","0","0","0","0","0","0","0","20"
"Milt Berg","0","0","0","0","0","0","0","20","0","0","0","0","0","20"
"Moises Ruiz","0","20","0","0","0","0","0","0","0","0","0","0","0","20"
"Neleya Cedar","0","20","0","0","0","0","0","0","0","0","0","0","0","20"
"Paul Wilson","20","0","0","0","0","0","0","0","0","0","0","0","0","20"
"Ric Schmidt","0","0","0","0","0","0","0","20","0","0","0","0","0","20"
"Riley Heller","0","0","0","0","0","0","0","0","0","0","0","0","20","20"
"Russell Corrigan","0","0","0","0","0","0","0","0","0","0","0","0","20","20"
"Sage Snyder","20","0","0","0","0","0","0","0","0","0","0","0","0","20"
"Samantha Landvick","0","0","0","0","0","0","0","0","0","0","0","20","0","20"
"Steve Flanagan","0","0","0","0","0","20","0","0","0","0","0","0","0","20"
"Thomas Geisinger","0","0","0","0","0","0","0","0","0","20","0","0","0","20"
"Timothy Foster","0","20","0","0","0","0","0","0","0","0","0","0","0","20"
"Vernis ""Kid"" McKizzie","0","0","0","0","0","0","0","0","0","0","20","0","0","20"
"Wyatt Sthilaire","0","0","0","0","0","0","0","0","0","20","0","0","0","20"