"Player","07/04","07/11","07/18","07/25","08/01","08/08","08/15","08/22","08/29","09/05","09/12","09/19","Total Points"
"Tracy Taylor","20","20","20","123","257","129","20","20","20","20","263","20","932"
"Cedric Thompson","99","20","20","20","20","161","0","216","202","20","20","111","909"
"Jeff Stokke","141","0","133","20","157","20","223","20","20","20","20","99","873"
"Rafael Fuentes","230","128","20","250","20","20","0","0","20","118","0","0","806"
"David Lindgren","0","20","0","20","0","106","164","0","94","0","129","178","711"
"Jessie Tolzman","0","145","20","20","0","0","20","20","125","0","20","244","614"
"Maxwell Peterson","20","20","108","135","126","0","0","20","0","0","20","105","554"
"Jim Landvick","114","20","159","20","20","20","103","20","20","20","0","20","536"
"Chad Rasche","20","20","118","20","104","20","20","20","20","20","20","132","534"
"Lupe Pacheco","106","117","0","0","0","263","20","0","0","0","20","0","526"
"Katie Edwards","20","0","0","0","0","192","122","0","0","0","161","0","495"
"George Mutuma","0","0","0","0","0","20","20","159","20","20","192","20","451"
"Craig Darden","0","237","0","20","0","0","0","0","0","20","20","149","446"
"Heidi Johnson","0","173","0","153","20","0","20","20","0","20","20","0","426"
"Christopher Ruiz","20","0","0","0","188","112","20","0","20","0","20","0","380"
"Chris Ehly","0","20","0","20","0","20","20","0","149","0","0","120","349"
"Nancy Herber","20","20","0","20","20","0","0","0","0","216","20","20","336"
"Darin Murphy","0","0","20","107","0","0","137","0","0","20","20","20","324"
"jacob gudim","0","20","216","20","0","20","0","20","0","20","0","0","316"
"Pat Hull","20","20","20","20","0","20","20","133","0","20","20","20","313"
"Brittney Eby","20","0","0","0","20","20","97","0","20","0","106","0","283"
"Tom Ellerman","0","0","0","20","110","0","111","0","0","20","0","0","261"
"Jennifer Starken","20","0","20","20","20","0","20","0","0","0","119","20","239"
"Jason Howard","0","0","0","0","138","20","0","20","20","20","0","20","238"
"Mike Streeter","0","0","0","183","20","0","0","0","0","0","0","0","203"
"Cassie Thao","0","20","20","0","20","0","0","0","0","0","142","0","202"
"Boney Shaji","0","20","20","0","0","0","0","20","0","133","0","0","193"
"Cyre Beaumont","169","0","0","0","0","0","0","0","0","0","20","0","189"
"Scott Artola","125","0","0","0","20","20","0","0","0","0","20","0","185"
"Ellie Robbins","0","0","0","0","0","0","0","0","0","159","20","0","179"
"Anna Thao","0","20","20","0","0","0","20","0","111","0","0","0","171"
"Paul Gonzalez","0","0","0","0","0","142","0","0","0","0","20","0","162"
"Maurice Hull Sr","20","0","0","20","0","20","0","100","0","0","0","0","160"
"Melissa Smith","0","0","0","101","20","0","0","0","0","0","20","0","141"
"Nate Braun","0","0","0","0","117","0","20","0","0","0","0","0","137"
"Dana Falteysek","0","0","0","0","0","20","0","0","0","100","0","0","120"
"Samantha Landvick","0","0","100","0","20","0","0","0","0","0","0","0","120"
"Zachary Nelson","20","20","0","0","0","0","0","20","20","0","20","20","120"
"Joe M","0","0","0","0","0","119","0","0","0","0","0","0","119"
"Dean Bahe","0","0","0","0","0","0","0","118","0","0","0","0","118"
"Matt Earley","0","0","0","114","0","0","0","0","0","0","0","0","114"
"Jordan Touthe","0","0","0","0","0","0","0","0","0","0","112","0","112"
"Raul Hi","0","109","0","0","0","0","0","0","0","0","0","0","109"
"Chris Lemon","0","0","0","0","0","0","0","108","0","0","0","0","108"
"Harry Ponzo","0","0","0","0","0","0","0","0","0","108","0","0","108"
"Jedidiah Thao","0","102","0","0","0","0","0","0","0","0","0","0","102"
"Drew Ditlefsen","0","0","0","0","0","0","0","0","101","0","0","0","101"
"Anna Kinkead","0","20","0","20","0","0","20","0","20","0","0","20","100"
"Ben Chenal","0","0","20","20","20","0","0","0","20","0","0","0","80"
"Ish Vences","20","20","0","0","20","20","0","0","0","0","0","0","80"
"Maurice Hull","20","0","0","20","0","0","0","20","0","0","0","0","60"
"Tucker Nyhlen","0","0","0","0","0","0","0","0","0","20","20","20","60"
"Allie Cat","20","0","0","0","0","20","0","0","0","0","0","0","40"
"David Campbell","0","0","0","0","20","20","0","0","0","0","0","0","40"
"Justin Martner","0","0","0","0","0","20","0","0","0","0","0","20","40"
"Alex Baker","0","20","0","0","0","0","0","0","0","0","0","0","20"
"Ann Nusbaum","0","0","0","0","0","0","0","20","0","0","0","0","20"
"Antonio David","20","0","0","0","0","0","0","0","0","0","0","0","20"
"Carl Piggee","0","0","0","0","0","0","0","0","0","0","0","20","20"
"Cassandra Brandon","0","0","0","0","0","0","0","0","20","0","0","0","20"
"Chad Morris","0","0","0","0","0","0","0","0","0","0","0","20","20"
"Charlie Ostrem","0","0","0","0","0","0","0","0","0","0","20","0","20"
"Chester Hollie","0","0","0","0","0","0","0","0","0","0","0","20","20"
"David Flugge","0","0","20","0","0","0","0","0","0","0","0","0","20"
"David Merrick","0","0","0","0","0","0","0","20","0","0","0","0","20"
"Edward Zamora","0","0","0","0","0","20","0","0","0","0","0","0","20"
"Eric Cedar 071826","0","0","20","0","0","0","0","0","0","0","0","0","20"
"Gary Hansen","0","0","0","0","0","20","0","0","0","0","0","0","20"
"Gregg Anne","0","0","20","0","0","0","0","0","0","0","0","0","20"
"Jake Dunn","0","0","0","0","0","0","20","0","0","0","0","0","20"
"John Jerome","0","0","0","0","20","0","0","0","0","0","0","0","20"
"Jordyn Falteysek","0","0","0","0","0","0","0","0","0","0","0","20","20"
"Justin Page","0","0","0","20","0","0","0","0","0","0","0","0","20"
"Kyle Lewis","0","0","0","0","20","0","0","0","0","0","0","0","20"
"Mark Erickson","0","0","0","0","0","0","20","0","0","0","0","0","20"
"Matt Carr","20","0","0","0","0","0","0","0","0","0","0","0","20"
"Mel Gross","0","0","20","0","0","0","0","0","0","0","0","0","20"
"Mike Olson","0","0","0","0","0","20","0","0","0","0","0","0","20"
"Moises Ruiz","0","0","0","0","0","0","0","20","0","0","0","0","20"
"Sam Mcfarlane","0","0","0","0","20","0","0","0","0","0","0","0","20"
"Stacey DeLambo","0","0","0","0","20","0","0","0","0","0","0","0","20"
"TJ Western","0","0","0","0","0","0","0","0","0","20","0","0","20"
"Tye Bell","0","0","0","0","0","0","0","0","0","0","0","20","20"