"Player","07/06","07/13","07/20","07/27","08/03","08/10","08/17","08/24","08/31","09/07","09/14","09/21","09/28","Total Points"
"Maxwell Peterson","20","20","207","157","190","112","20","224","20","137","105","308","20","1540"
"Paul Gonzalez","20","20","344","20","20","157","155","146","0","0","132","20","207","1241"
"Tracy Taylor","136","326","20","20","228","20","20","20","20","0","178","122","118","1228"
"Anna Thao","20","128","0","236","0","0","112","129","20","20","244","107","20","1036"
"Jeremiah Stene","326","112","0","145","151","20","20","0","20","0","0","20","20","834"
"Jesse Reiter","0","0","165","326","0","0","168","0","0","0","0","164","0","823"
"Anna Kinkead","20","20","135","20","20","20","211","20","20","118","20","137","0","761"
"Cedric Thompson","20","173","152","20","118","20","20","20","117","20","20","20","20","740"
"Alen Sherman","236","20","20","20","20","20","20","20","0","308","20","0","20","724"
"Jim Landvick","0","0","0","173","20","122","20","20","0","0","0","0","344","699"
"Tye Bell","20","20","20","0","20","0","253","116","20","20","20","116","20","645"
"Drew Ditlefsen","20","117","20","0","20","20","115","0","105","224","0","0","0","641"
"Jake Bergstreser","20","0","182","112","20","0","20","107","20","0","0","20","114","615"
"Bart Bah","173","197","20","0","0","0","20","20","125","20","0","0","20","595"
"Ish Vences","122","20","142","20","20","136","20","20","0","20","20","20","20","580"
"Rafael Fuentes","20","122","20","20","20","20","137","0","20","164","20","0","0","563"
"Jeff Stokke","117","20","122","197","20","20","20","20","0","0","0","20","0","556"
"Maurice Hull","0","20","0","128","20","20","350","0","0","0","0","0","0","538"
"Katie Edwards","0","0","0","0","0","0","185","20","276","0","20","0","20","521"
"Heidi Johnson","0","0","0","0","20","20","0","308","135","0","0","0","20","503"
"Callie Nyreen","20","20","0","117","113","0","20","20","20","0","0","20","152","502"
"Tucker Nyhlen","20","20","20","0","0","20","0","20","168","20","20","20","135","463"
"Pat Hull","20","20","128","20","20","20","20","0","20","0","111","20","20","419"
"Allie Cat","20","0","20","0","0","20","130","0","148","20","20","20","20","418"
"Chad Rasche","20","20","20","20","20","20","20","164","20","20","20","20","20","404"
"Jedidiah Thao","20","20","0","20","0","0","0","0","0","109","149","20","20","358"
"Boney Shaji","0","0","0","136","20","0","0","186","0","0","0","0","0","342"
"Darin Murphy","20","0","20","20","109","20","20","111","0","0","0","20","0","340"
"Edward Zamora","0","20","20","0","131","0","0","149","20","0","0","0","0","340"
"Carl Piggee","20","157","20","20","0","20","20","0","20","0","20","20","20","337"
"Scott Artola","0","145","0","20","0","20","0","0","0","0","0","149","0","334"
"Melissa Smith","0","20","20","122","20","128","20","0","0","0","0","0","0","330"
"David Olson","0","0","0","0","0","326","0","0","0","0","0","0","0","326"
"Jason Howard","0","20","0","0","20","236","20","0","0","0","0","20","0","316"
"Moises Ruiz","0","0","0","0","314","0","0","0","0","0","0","0","0","314"
"Ramiro Contreras","0","0","0","0","0","0","0","0","0","20","20","129","128","297"
"Chris Zweber","0","136","0","20","140","0","0","0","0","0","0","0","0","296"
"Timmy Lewis","20","20","20","20","20","173","20","0","0","0","0","0","0","293"
"Shawn Muses","145","0","118","0","0","0","0","0","0","0","0","0","20","283"
"Mike Ross","0","0","20","0","0","0","0","122","0","20","120","0","0","282"
"Willie Harris th3","20","20","20","20","20","20","20","20","20","20","20","20","20","260"
"jacob gudim","0","20","20","20","0","117","0","20","0","20","0","20","20","257"
"Rushon Finley","0","236","0","0","20","0","0","0","0","0","0","0","0","256"
"Cyre Beaumont","0","0","0","0","0","0","0","0","0","113","0","0","142","255"
"Jessica Quist","0","0","0","0","0","0","0","0","0","0","0","0","249","249"
"Roberto Blandon","0","0","249","0","0","0","0","0","0","0","0","0","0","249"
"Zachary Nelson","20","20","20","0","0","0","20","20","20","124","0","0","0","244"
"Dana Falteysek","0","20","20","0","0","0","0","0","201","0","0","0","0","241"
"Mario raulerson","0","0","0","0","0","0","0","0","0","0","0","224","0","224"
"Timothy Foster","0","0","0","0","0","0","0","20","0","186","0","0","0","206"
"George Mutuma","0","0","0","0","0","0","0","20","0","0","0","0","182","202"
"Ben Chenal","197","0","0","0","0","0","0","0","0","0","0","0","0","197"
"Jamie Balfanz","0","0","0","0","0","197","0","0","0","0","0","0","0","197"
"Raul Hi","157","0","0","0","0","20","20","0","0","0","0","0","0","197"
"Craig Darden","0","0","0","20","0","20","20","0","111","20","0","0","0","191"
"Amy Andrusko","0","0","20","0","167","0","0","0","0","0","0","0","0","187"
"gnoria bowens","0","0","0","0","0","0","0","0","0","0","0","186","0","186"
"Zach Booth","0","0","0","0","0","0","0","0","0","0","20","0","165","185"
"Nancy Herber","20","20","20","0","20","0","20","0","20","20","0","20","20","180"
"Buddy Cohen","0","0","0","0","0","0","0","0","20","149","0","0","0","169"
"Jordyn Falteysek","0","0","0","20","124","0","0","0","20","0","0","0","0","164"
"Brian Bradley","0","0","0","0","0","145","0","0","0","0","0","0","0","145"
"Justin Christensen","0","0","0","0","0","0","145","0","0","0","0","0","0","145"
"Av S","0","20","0","0","0","0","124","0","0","0","0","0","0","144"
"Lupe Pacheco","20","0","0","0","0","0","20","20","20","20","20","0","20","140"
"Stoney Harris","0","0","0","0","0","20","119","0","0","0","0","0","0","139"
"Mario Nordstrom","20","0","114","0","0","0","0","0","0","0","0","0","0","134"
"Ric Schmidt","112","0","0","20","0","0","0","0","0","0","0","0","0","132"
"Charlie Ostrem","128","0","0","0","0","0","0","0","0","0","0","0","0","128"
"Kevin Hicks","0","0","0","0","0","0","0","0","0","0","0","0","122","122"
"Dustin Royce","0","0","0","0","0","0","0","0","0","0","0","111","0","111"
"Cassie Thao","20","20","20","20","0","0","0","0","0","0","0","0","20","100"
"Jennifer Starken","20","0","0","0","20","0","20","0","0","20","20","0","0","100"
"Wes Sloggett","0","0","0","0","0","0","0","0","0","0","99","0","0","99"
"Chester Hollie","0","0","0","20","0","0","0","20","0","20","0","0","20","80"
"Jake Dunn","0","0","0","20","0","0","0","0","0","0","20","20","0","60"
"Justin Martner","0","20","0","0","20","0","0","0","0","0","0","0","20","60"
"Larry Labronski","20","20","0","20","0","0","0","0","0","0","0","0","0","60"
"Ryan Marsh","0","0","0","0","0","20","0","0","20","20","0","0","0","60"
"Wael Abdel-Hakim","0","0","20","0","0","20","0","0","0","0","0","0","20","60"
"Darnell Yates","0","0","0","0","0","0","20","20","0","0","0","0","0","40"
"David Flugge","0","0","20","20","0","0","0","0","0","0","0","0","0","40"
"Jessie Tolzman","0","0","0","0","0","0","0","20","0","0","0","0","20","40"
"Nate Braun","0","0","0","0","0","0","0","0","20","0","0","20","0","40"
"Tasha Embry","0","0","0","0","0","20","20","0","0","0","0","0","0","40"
"Timothy Ostaba","0","0","20","0","0","20","0","0","0","0","0","0","0","40"
"Amanda Opse","0","0","0","0","0","0","0","0","0","0","0","0","20","20"
"Andrea Wetzstein","0","0","0","0","0","0","0","0","0","20","0","0","0","20"
"Bamm Miller","0","0","0","0","0","0","0","20","0","0","0","0","0","20"
"Bill H Cedar 011126","0","0","0","0","0","0","0","0","0","20","0","0","0","20"
"Bill Lukens","0","0","0","20","0","0","0","0","0","0","0","0","0","20"
"Che Ho","0","0","20","0","0","0","0","0","0","0","0","0","0","20"
"Chris B Cedar","20","0","0","0","0","0","0","0","0","0","0","0","0","20"
"Chris Bradford","0","0","0","0","20","0","0","0","0","0","0","0","0","20"
"Dante Ugalde","0","0","0","0","0","0","0","20","0","0","0","0","0","20"
"David Merrick","0","0","20","0","0","0","0","0","0","0","0","0","0","20"
"Ellie Robbins","0","0","0","0","0","0","0","0","0","20","0","0","0","20"
"Ian McNamara","0","0","0","0","0","0","0","0","0","0","0","20","0","20"
"James Royce","0","0","0","0","0","0","0","0","0","0","0","20","0","20"
"Jason Lambright","0","20","0","0","0","0","0","0","0","0","0","0","0","20"
"Jeff Nitschke","0","0","0","0","0","0","0","0","0","0","0","0","20","20"
"Jeff Sepulvado","0","0","0","0","0","0","0","0","0","20","0","0","0","20"
"Jeremiah Bullfrog","0","0","0","0","0","0","0","20","0","0","0","0","0","20"
"John Beskales","0","0","0","0","0","0","0","0","0","0","0","0","20","20"
"Joseph Vail","0","0","0","0","0","20","0","0","0","0","0","0","0","20"
"Linus Beni","0","0","0","0","20","0","0","0","0","0","0","0","0","20"
"Maurice Wilhelm","0","0","0","0","0","0","0","0","0","20","0","0","0","20"
"Melonie Tuttle","0","0","20","0","0","0","0","0","0","0","0","0","0","20"
"Paul S Cedar","0","0","0","0","0","0","0","0","0","20","0","0","0","20"
"Qadira Bradshaw","0","0","0","0","0","0","0","0","0","0","0","20","0","20"
"Rachel Day","0","0","0","0","0","0","0","0","0","20","0","0","0","20"
"Rodney Morris","0","0","0","0","0","0","0","0","0","0","0","0","20","20"
"Samantha Landvick","0","0","0","20","0","0","0","0","0","0","0","0","0","20"
"Sutton Gilbertson","0","0","0","0","0","0","0","0","0","0","0","20","0","20"
"Tevin Anderson","0","0","0","0","0","0","20","0","0","0","0","0","0","20"
"Thao Nguyen","0","0","0","0","0","20","0","0","0","0","0","0","0","20"
"Tom Ellerman","0","0","0","0","0","0","20","0","0","0","0","0","0","20"
"Vernis ""Kid"" McKizzie","0","0","0","0","0","0","0","20","0","0","0","0","0","20"
"william dwyer","0","0","20","0","0","0","0","0","0","0","0","0","0","20"